{"cameraMode":{"drawMode":0,"name":"Shaded","section":"Shading Mode"},"sceneLighting":true,"audioPlay":false,"sceneViewState":{"showFog":true,"showMaterialUpdate":false,"showSkybox":true,"showFlares":true,"showImageEffects":true,"showParticleSystems":true},"in2DMode":false,"pivot":{"x":-3.263584852218628,"y":1.248931884765625,"z":2.823484182357788},"rotation":{"x":0.15778107941150666,"y":-0.4519931375980377,"z":0.08555077016353607,"w":0.8745397329330444},"size":6.477024078369141,"orthographic":false}