{"cameraMode":{"drawMode":0,"name":"Shaded","section":"Shading Mode"},"sceneLighting":true,"audioPlay":false,"sceneViewState":{"showFog":true,"showMaterialUpdate":false,"showSkybox":true,"showFlares":true,"showImageEffects":true,"showParticleSystems":true},"in2DMode":false,"pivot":{"x":21.511951446533204,"y":16.02984046936035,"z":15.417442321777344},"rotation":{"x":0.06767434626817703,"y":0.9278525710105896,"z":-0.2037232667207718,"w":0.3056105673313141},"size":102.50226593017578,"orthographic":false}