{"cameraMode":{"drawMode":0,"name":"Shaded","section":"Shading Mode"},"sceneLighting":false,"audioPlay":false,"sceneViewState":{"showFog":true,"showMaterialUpdate":false,"showSkybox":false,"showFlares":true,"showImageEffects":true,"showParticleSystems":true},"in2DMode":false,"pivot":{"x":623.6680908203125,"y":402.9822998046875,"z":19.028451919555665},"rotation":{"x":-0.04929625615477562,"y":0.041610993444919589,"z":0.0003772682975977659,"w":0.9998682737350464},"size":1027.5863037109375,"orthographic":false}