{"cameraMode":{"drawMode":0,"name":"Shaded","section":"Shading Mode"},"sceneLighting":true,"audioPlay":false,"sceneViewState":{"showFog":true,"showMaterialUpdate":false,"showSkybox":true,"showFlares":true,"showImageEffects":true,"showParticleSystems":true},"in2DMode":false,"pivot":{"x":0.021501803770661355,"y":2.9433908462524416,"z":9.941797256469727},"rotation":{"x":-0.08800040185451508,"y":-0.02068919874727726,"z":-0.005142927635461092,"w":-0.998349666595459},"size":9.957754135131836,"orthographic":false}