{"cameraMode":{"drawMode":0,"name":"Shaded","section":"Shading Mode"},"sceneLighting":true,"audioPlay":false,"sceneViewState":{"showFog":true,"showMaterialUpdate":false,"showSkybox":true,"showFlares":true,"showImageEffects":true,"showParticleSystems":true},"in2DMode":false,"pivot":{"x":-14.301772117614746,"y":-14.976590156555176,"z":47.27854537963867},"rotation":{"x":-0.1357460916042328,"y":0.10870085656642914,"z":-0.023301919922232629,"w":-0.9854095578193665},"size":61.616241455078128,"orthographic":false}