{"cameraMode":{"drawMode":0,"name":"Shaded","section":"Shading Mode"},"sceneLighting":true,"audioPlay":false,"sceneViewState":{"showFog":true,"showMaterialUpdate":false,"showSkybox":true,"showFlares":true,"showImageEffects":true,"showParticleSystems":true},"in2DMode":false,"pivot":{"x":26.93146514892578,"y":-6.119330406188965,"z":-6.090604305267334},"rotation":{"x":0.07045239955186844,"y":0.9325973987579346,"z":-0.22599634528160096,"w":0.27485576272010805},"size":120.6502685546875,"orthographic":false}