{"cameraMode":{"drawMode":0,"name":"Shaded","section":"Shading Mode"},"sceneLighting":true,"audioPlay":false,"sceneViewState":{"showFog":true,"showMaterialUpdate":false,"showSkybox":true,"showFlares":true,"showImageEffects":true,"showParticleSystems":true},"in2DMode":false,"pivot":{"x":0.05178537964820862,"y":1.4540433883666993,"z":0.03164482116699219},"rotation":{"x":0.11340148746967316,"y":0.014727173373103142,"z":0.005480381194502115,"w":0.9960939884185791},"size":4.276470184326172,"orthographic":false}