{"cameraMode":{"drawMode":0,"name":"Shaded","section":"Shading Mode"},"sceneLighting":true,"audioPlay":false,"sceneViewState":{"showFog":true,"showMaterialUpdate":false,"showSkybox":true,"showFlares":true,"showImageEffects":true,"showParticleSystems":true},"in2DMode":false,"pivot":{"x":5.621429443359375,"y":7.8825154304504398,"z":38.97321319580078},"rotation":{"x":0.010366163216531277,"y":-0.04043178632855415,"z":-0.008490950800478459,"w":-0.9999997019767761},"size":53.40311050415039,"orthographic":false}