{"cameraMode":{"drawMode":0,"name":"Shaded","section":"Shading Mode"},"sceneLighting":true,"audioPlay":false,"sceneViewState":{"showFog":true,"showMaterialUpdate":false,"showSkybox":true,"showFlares":true,"showImageEffects":true,"showParticleSystems":true},"in2DMode":false,"pivot":{"x":-3.117584228515625,"y":2.610283851623535,"z":4.946811676025391},"rotation":{"x":-0.017230859026312829,"y":0.971121609210968,"z":-0.22243796288967133,"w":-0.09251075237989426},"size":74.70246887207031,"orthographic":false}