{"cameraMode":{"drawMode":0,"name":"Shaded","section":"Shading Mode"},"sceneLighting":true,"audioPlay":false,"sceneViewState":{"showFog":true,"showMaterialUpdate":false,"showSkybox":true,"showFlares":true,"showImageEffects":true,"showParticleSystems":true},"in2DMode":false,"pivot":{"x":3.8865513801574709,"y":3.4317588806152345,"z":-14.286041259765625},"rotation":{"x":0.020480068400502206,"y":0.9874065518379211,"z":-0.14936168491840363,"w":0.08546982705593109},"size":35.54051208496094,"orthographic":false}