{"cameraMode":{"drawMode":0,"name":"Shaded","section":"Shading Mode"},"sceneLighting":true,"audioPlay":false,"sceneViewState":{"showFog":true,"showMaterialUpdate":false,"showSkybox":true,"showFlares":true,"showImageEffects":true,"showParticleSystems":true},"in2DMode":false,"pivot":{"x":13.735837936401368,"y":20.70344352722168,"z":8.041952133178711},"rotation":{"x":0.25340187549591067,"y":-0.15870018303394319,"z":0.04992147162556648,"w":0.9542688727378845},"size":116.97838592529297,"orthographic":false}