{"cameraMode":{"drawMode":0,"name":"Shaded","section":"Shading Mode"},"sceneLighting":true,"audioPlay":false,"sceneViewState":{"showFog":true,"showMaterialUpdate":false,"showSkybox":true,"showFlares":true,"showImageEffects":true,"showParticleSystems":true},"in2DMode":false,"pivot":{"x":-1.0759329795837403,"y":2.8169286251068117,"z":-1.7437641620635987},"rotation":{"x":0.08634693920612335,"y":-0.024093205109238626,"z":0.002019285224378109,"w":0.998076319694519},"size":5.452836036682129,"orthographic":false}