{"cameraMode":{"drawMode":0,"name":"Shaded","section":"Shading Mode"},"sceneLighting":true,"audioPlay":false,"sceneViewState":{"showFog":true,"showMaterialUpdate":false,"showSkybox":true,"showFlares":true,"showImageEffects":true,"showParticleSystems":true},"in2DMode":false,"pivot":{"x":3.0539650917053224,"y":7.620447158813477,"z":-2.737351894378662},"rotation":{"x":0.03010115958750248,"y":0.9729989767074585,"z":-0.1799297034740448,"w":0.14622214436531068},"size":49.311187744140628,"orthographic":false}