{"cameraMode":{"drawMode":0,"name":"Shaded","section":"Shading Mode"},"sceneLighting":true,"audioPlay":false,"sceneViewState":{"showFog":true,"showMaterialUpdate":false,"showSkybox":true,"showFlares":true,"showImageEffects":true,"showParticleSystems":true},"in2DMode":false,"pivot":{"x":0.47225654125213625,"y":1.9786193370819092,"z":-3.7089366912841799},"rotation":{"x":-0.14161333441734315,"y":0.017176533117890359,"z":-0.0013493928126990796,"w":-0.9918591380119324},"size":4.985621929168701,"orthographic":false}