{"cameraMode":{"drawMode":0,"name":"Shaded","section":"Shading Mode"},"sceneLighting":true,"audioPlay":false,"sceneViewState":{"showFog":true,"showMaterialUpdate":false,"showSkybox":true,"showFlares":true,"showImageEffects":true,"showParticleSystems":true},"in2DMode":false,"pivot":{"x":-1.5199999809265137,"y":3.989999771118164,"z":6.210000038146973},"rotation":{"x":0.21866904199123383,"y":-0.46258682012557986,"z":0.12579073011875153,"w":0.8530755639076233},"size":14.983086585998536,"orthographic":false}