{"cameraMode":{"drawMode":0,"name":"Shaded","section":"Shading Mode"},"sceneLighting":false,"audioPlay":false,"sceneViewState":{"showFog":true,"showMaterialUpdate":false,"showSkybox":false,"showFlares":true,"showImageEffects":true,"showParticleSystems":true},"in2DMode":false,"pivot":{"x":3.0756912231445314,"y":10.4583158493042,"z":6.451282501220703},"rotation":{"x":0.03010115958750248,"y":0.9729989767074585,"z":-0.1799297034740448,"w":0.14622214436531068},"size":4.556103706359863,"orthographic":false}