{"cameraMode":{"drawMode":0,"name":"Shaded","section":"Shading Mode"},"sceneLighting":true,"audioPlay":false,"sceneViewState":{"showFog":true,"showMaterialUpdate":false,"showSkybox":true,"showFlares":true,"showImageEffects":true,"showParticleSystems":true},"in2DMode":false,"pivot":{"x":4.094478607177734,"y":2.5075416564941408,"z":8.110219955444336},"rotation":{"x":-0.0010401454055681825,"y":-0.03801805526018143,"z":0.00787100289016962,"w":1.001915693283081},"size":22.736499786376954,"orthographic":false}