{"cameraMode":{"drawMode":0,"name":"Shaded","section":"Shading Mode"},"sceneLighting":true,"audioPlay":false,"sceneViewState":{"showFog":true,"showMaterialUpdate":false,"showSkybox":true,"showFlares":true,"showImageEffects":true,"showParticleSystems":true},"in2DMode":false,"pivot":{"x":0.5851613879203796,"y":10.422557830810547,"z":-13.719890594482422},"rotation":{"x":0.06248839199542999,"y":0.9278212785720825,"z":-0.14055152237415315,"w":0.3475515842437744},"size":40.37701416015625,"orthographic":false}