{"cameraMode":{"drawMode":0,"name":"Shaded","section":"Shading Mode"},"sceneLighting":true,"audioPlay":false,"sceneViewState":{"showFog":true,"showMaterialUpdate":false,"showSkybox":true,"showFlares":true,"showImageEffects":true,"showParticleSystems":true},"in2DMode":false,"pivot":{"x":3.3019371032714845,"y":12.774778366088868,"z":-27.70619773864746},"rotation":{"x":-0.07869995385408402,"y":0.676197350025177,"z":-0.08179005980491638,"w":-0.7315731644630432},"size":24.167095184326173,"orthographic":false}