{"cameraMode":{"drawMode":0,"name":"Shaded","section":"Shading Mode"},"sceneLighting":true,"audioPlay":false,"sceneViewState":{"showFog":true,"showMaterialUpdate":false,"showSkybox":true,"showFlares":true,"showImageEffects":true,"showParticleSystems":true},"in2DMode":false,"pivot":{"x":-7.44163703918457,"y":12.449511528015137,"z":3.7641184329986574},"rotation":{"x":-0.005756249185651541,"y":0.9889571070671082,"z":-0.07016503065824509,"w":-0.1357039511203766},"size":49.311187744140628,"orthographic":false}