{"cameraMode":{"drawMode":0,"name":"Shaded","section":"Shading Mode"},"sceneLighting":false,"audioPlay":false,"sceneViewState":{"showFog":true,"showMaterialUpdate":false,"showSkybox":false,"showFlares":true,"showImageEffects":true,"showParticleSystems":true},"in2DMode":false,"pivot":{"x":-1.8400001525878907,"y":2.6600000858306886,"z":11.920000076293946},"rotation":{"x":0.08565596491098404,"y":-0.10083405673503876,"z":0.006426839157938957,"w":0.9931572079658508},"size":4.704081058502197,"orthographic":false}