{"cameraMode":{"drawMode":0,"name":"Shaded","section":"Shading Mode"},"sceneLighting":false,"audioPlay":false,"sceneViewState":{"showFog":true,"showMaterialUpdate":false,"showSkybox":false,"showFlares":true,"showImageEffects":true,"showParticleSystems":true},"in2DMode":false,"pivot":{"x":-16.918237686157228,"y":3.5199999809265138,"z":13.0600004196167},"rotation":{"x":0.16037239134311677,"y":-0.2408050149679184,"z":0.040403757244348529,"w":0.9585714936256409},"size":5.7157673835754398,"orthographic":false}