{"cameraMode":{"drawMode":0,"name":"Shaded","section":"Shading Mode"},"sceneLighting":true,"audioPlay":false,"sceneViewState":{"showFog":true,"showMaterialUpdate":false,"showSkybox":true,"showFlares":true,"showImageEffects":true,"showParticleSystems":true},"in2DMode":false,"pivot":{"x":9.544892311096192,"y":3.875906467437744,"z":15.434045791625977},"rotation":{"x":-0.03975171595811844,"y":0.935445249080658,"z":-0.1346147656440735,"w":-0.33203718066215517},"size":15.83969783782959,"orthographic":false}