{"cameraMode":{"drawMode":0,"name":"Shaded","section":"Shading Mode"},"sceneLighting":false,"audioPlay":false,"sceneViewState":{"showFog":true,"showMaterialUpdate":false,"showSkybox":false,"showFlares":true,"showImageEffects":true,"showParticleSystems":true},"in2DMode":false,"pivot":{"x":1.1920928955078126e-7,"y":7.38345193862915,"z":69.44999694824219},"rotation":{"x":-0.015545567497611046,"y":-0.9859374165534973,"z":0.07228036969900131,"w":-0.15890438854694367},"size":23.1038818359375,"orthographic":false}