{"cameraMode":{"drawMode":0,"name":"Shaded","section":"Shading Mode"},"sceneLighting":true,"audioPlay":false,"sceneViewState":{"showFog":true,"showMaterialUpdate":false,"showSkybox":true,"showFlares":true,"showImageEffects":true,"showParticleSystems":true},"in2DMode":false,"pivot":{"x":3.3340089321136476,"y":7.447800159454346,"z":17.72411346435547},"rotation":{"x":-0.038636717945337298,"y":0.9513152837753296,"z":-0.16711431741714478,"w":-0.2656835913658142},"size":16.98223114013672,"orthographic":false}