{"cameraMode":{"drawMode":0,"name":"Shaded","section":"Shading Mode"},"sceneLighting":false,"audioPlay":false,"sceneViewState":{"showFog":true,"showMaterialUpdate":false,"showSkybox":false,"showFlares":true,"showImageEffects":true,"showParticleSystems":true},"in2DMode":false,"pivot":{"x":-1.4780000448226929,"y":0.9940000176429749,"z":1.6540000438690186},"rotation":{"x":-0.1357460916042328,"y":0.10870085656642914,"z":-0.023301919922232629,"w":-0.9854095578193665},"size":0.2333451509475708,"orthographic":false}