{"cameraMode":{"drawMode":0,"name":"Shaded","section":"Shading Mode"},"sceneLighting":false,"audioPlay":false,"sceneViewState":{"showFog":true,"showMaterialUpdate":false,"showSkybox":false,"showFlares":true,"showImageEffects":true,"showParticleSystems":true},"in2DMode":false,"pivot":{"x":0.2261936366558075,"y":1.166477918624878,"z":-2.558809757232666},"rotation":{"x":0.027488917112350465,"y":0.7141475677490234,"z":-0.028086068108677865,"w":0.6989097595214844},"size":17.006235122680665,"orthographic":false}