{"cameraMode":{"drawMode":0,"name":"Shaded","section":"Shading Mode"},"sceneLighting":false,"audioPlay":false,"sceneViewState":{"showFog":false,"showMaterialUpdate":false,"showSkybox":false,"showFlares":false,"showImageEffects":false,"showParticleSystems":false},"in2DMode":false,"pivot":{"x":40.47966003417969,"y":6.499671936035156,"z":32.11323547363281},"rotation":{"x":0.12694378197193147,"y":0.15295818448066712,"z":-0.004206905607134104,"w":0.9812005758285523},"size":16.597856521606447,"orthographic":false}