{"cameraMode":{"drawMode":0,"name":"Shaded","section":"Shading Mode"},"sceneLighting":false,"audioPlay":false,"sceneViewState":{"showFog":true,"showMaterialUpdate":false,"showSkybox":true,"showFlares":true,"showImageEffects":true,"showParticleSystems":true},"in2DMode":false,"pivot":{"x":-9.853629112243653,"y":23.706357955932618,"z":0.6464998126029968},"rotation":{"x":0.19044488668441773,"y":0.6577195525169373,"z":-0.17477892339229585,"w":0.7082667350769043},"size":22.109535217285158,"orthographic":false}