{"cameraMode":{"drawMode":0,"name":"Shaded","section":"Shading Mode"},"sceneLighting":false,"audioPlay":false,"sceneViewState":{"showFog":false,"showMaterialUpdate":false,"showSkybox":false,"showFlares":false,"showImageEffects":false,"showParticleSystems":false},"in2DMode":false,"pivot":{"x":-46.897613525390628,"y":-6.608179092407227,"z":-30.598915100097658},"rotation":{"x":-0.08786069601774216,"y":0.8823441863059998,"z":-0.22397004067897798,"w":-0.40752658247947695},"size":44.22872543334961,"orthographic":false}