{"cameraMode":{"drawMode":0,"name":"Shaded","section":"Shading Mode"},"sceneLighting":false,"audioPlay":false,"sceneViewState":{"showFog":false,"showMaterialUpdate":false,"showSkybox":false,"showFlares":false,"showImageEffects":false,"showParticleSystems":false},"in2DMode":false,"pivot":{"x":-2.5412683486938478,"y":5.4913530349731449,"z":4.577434539794922},"rotation":{"x":0.08277999609708786,"y":-0.00045754917664453387,"z":0.013656703755259514,"w":0.997558057308197},"size":20.98999786376953,"orthographic":false}