{"cameraMode":{"drawMode":0,"name":"Shaded","section":"Shading Mode"},"sceneLighting":true,"audioPlay":false,"sceneViewState":{"showFog":false,"showMaterialUpdate":false,"showSkybox":false,"showFlares":false,"showImageEffects":false,"showParticleSystems":false},"in2DMode":false,"pivot":{"x":178.38925170898438,"y":-18.951642990112306,"z":22.572856903076173},"rotation":{"x":-0.06675057858228684,"y":-0.6680781841278076,"z":0.041393350809812549,"w":-0.7417039275169373},"size":188.7607421875,"orthographic":false}