{"cameraMode":{"drawMode":0,"name":"Shaded","section":"Shading Mode"},"sceneLighting":false,"audioPlay":false,"sceneViewState":{"showFog":true,"showMaterialUpdate":false,"showSkybox":false,"showFlares":true,"showImageEffects":true,"showParticleSystems":true},"in2DMode":false,"pivot":{"x":0.2261936366558075,"y":1.166477918624878,"z":-2.558809757232666},"rotation":{"x":0.09832026064395905,"y":0.7156805992126465,"z":-0.1029072031378746,"w":0.6837912201881409},"size":17.006235122680665,"orthographic":false}