{"cameraMode":{"drawMode":0,"name":"Shaded","section":"Shading Mode"},"sceneLighting":false,"audioPlay":false,"sceneViewState":{"showFog":false,"showMaterialUpdate":false,"showSkybox":false,"showFlares":false,"showImageEffects":false,"showParticleSystems":false},"in2DMode":false,"pivot":{"x":45.454132080078128,"y":2.866314649581909,"z":54.259300231933597},"rotation":{"x":-0.15502874553203584,"y":0.4563737213611603,"z":-0.10035082697868347,"w":-0.8716903924942017},"size":14.467765808105469,"orthographic":false}