{"cameraMode":{"drawMode":0,"name":"Shaded","section":"Shading Mode"},"sceneLighting":false,"audioPlay":false,"sceneViewState":{"showFog":true,"showMaterialUpdate":false,"showSkybox":false,"showFlares":true,"showImageEffects":true,"showParticleSystems":true},"in2DMode":false,"pivot":{"x":873.3392333984375,"y":562.7904052734375,"z":13.919123649597168},"rotation":{"x":-0.03332234174013138,"y":0.004250852391123772,"z":-0.00015789891767781228,"w":-0.9998983144760132},"size":1316.9866943359375,"orthographic":false}