{"cameraMode":{"drawMode":0,"name":"Shaded","section":"Shading Mode"},"sceneLighting":false,"audioPlay":false,"sceneViewState":{"showFog":false,"showMaterialUpdate":false,"showSkybox":false,"showFlares":false,"showImageEffects":false,"showParticleSystems":false},"in2DMode":false,"pivot":{"x":-10.66053581237793,"y":14.721986770629883,"z":-44.47118377685547},"rotation":{"x":-0.17363032698631288,"y":-0.5159936547279358,"z":0.08949853479862213,"w":-0.8358545899391174},"size":16.865327835083009,"orthographic":false}