{"cameraMode":{"drawMode":0,"name":"Shaded","section":"Shading Mode"},"sceneLighting":true,"audioPlay":false,"sceneViewState":{"showFog":false,"showMaterialUpdate":false,"showSkybox":false,"showFlares":false,"showImageEffects":false,"showParticleSystems":false},"in2DMode":false,"pivot":{"x":-36.5584602355957,"y":-7.808317184448242,"z":-85.11563873291016},"rotation":{"x":0.006322728935629129,"y":-0.974263072013855,"z":0.09608445316553116,"w":0.21111789345741273},"size":143.04080200195313,"orthographic":false}