{"cameraMode":{"drawMode":0,"name":"Shaded","section":"Shading Mode"},"sceneLighting":false,"audioPlay":false,"sceneViewState":{"showFog":false,"showMaterialUpdate":false,"showSkybox":false,"showFlares":false,"showImageEffects":false,"showParticleSystems":false},"in2DMode":false,"pivot":{"x":68.20098114013672,"y":-0.6655991673469544,"z":46.11798095703125},"rotation":{"x":-0.13012287020683289,"y":-0.11731071025133133,"z":0.003069875529035926,"w":-0.985778272151947},"size":65.02632904052735,"orthographic":false}