{"cameraMode":{"drawMode":0,"name":"Shaded","section":"Shading Mode"},"sceneLighting":false,"audioPlay":false,"sceneViewState":{"showFog":false,"showMaterialUpdate":false,"showSkybox":false,"showFlares":false,"showImageEffects":false,"showParticleSystems":false},"in2DMode":false,"pivot":{"x":5.568088531494141,"y":-30.099998474121095,"z":18.900001525878908},"rotation":{"x":-0.20191651582717896,"y":-0.5925277471542358,"z":0.13864298164844514,"w":-0.7692763209342957},"size":247.5,"orthographic":false}