{"cameraMode":{"drawMode":0,"name":"Shaded","section":"Shading Mode"},"sceneLighting":true,"audioPlay":false,"sceneViewState":{"showFog":false,"showMaterialUpdate":false,"showSkybox":false,"showFlares":false,"showImageEffects":false,"showParticleSystems":false},"in2DMode":false,"pivot":{"x":10.617692947387696,"y":9.494291305541993,"z":97.66690063476563},"rotation":{"x":-0.06686404347419739,"y":-0.003779219463467598,"z":-0.01714547723531723,"w":-0.9992032051086426},"size":47.93497085571289,"orthographic":false}