{"cameraMode":{"drawMode":0,"name":"Shaded","section":"Shading Mode"},"sceneLighting":false,"audioPlay":false,"sceneViewState":{"showFog":false,"showMaterialUpdate":false,"showSkybox":false,"showFlares":false,"showImageEffects":false,"showParticleSystems":false},"in2DMode":false,"pivot":{"x":0.9593381881713867,"y":5.340490341186523,"z":-9.472111701965332},"rotation":{"x":0.21265491843223573,"y":-0.2007659524679184,"z":0.06101537123322487,"w":0.9555286765098572},"size":2.8578836917877199,"orthographic":false}