{"cameraMode":{"drawMode":0,"name":"Shaded","section":"Shading Mode"},"sceneLighting":true,"audioPlay":false,"sceneViewState":{"showFog":false,"showMaterialUpdate":false,"showSkybox":false,"showFlares":false,"showImageEffects":false,"showParticleSystems":false},"in2DMode":false,"pivot":{"x":-23.891752243041993,"y":29.889083862304689,"z":-3.8603932857513429},"rotation":{"x":-0.19870589673519135,"y":-0.7071930170059204,"z":0.21875597536563874,"w":-0.6423453688621521},"size":15.362714767456055,"orthographic":false}