{"cameraMode":{"drawMode":0,"name":"Shaded","section":"Shading Mode"},"sceneLighting":false,"audioPlay":false,"sceneViewState":{"showFog":true,"showMaterialUpdate":false,"showSkybox":false,"showFlares":true,"showImageEffects":true,"showParticleSystems":true},"in2DMode":false,"pivot":{"x":19.65410804748535,"y":3.369999885559082,"z":14.994988441467286},"rotation":{"x":0.04768816754221916,"y":0.010245508514344693,"z":0.00047121127136051655,"w":-0.9992717504501343},"size":11.552740097045899,"orthographic":false}