{"cameraMode":{"drawMode":0,"name":"Shaded","section":"Shading Mode"},"sceneLighting":false,"audioPlay":false,"sceneViewState":{"showFog":false,"showMaterialUpdate":false,"showSkybox":false,"showFlares":false,"showImageEffects":false,"showParticleSystems":false},"in2DMode":false,"pivot":{"x":1.623671054840088,"y":-0.6769737601280212,"z":-0.5094224810600281},"rotation":{"x":0.23741461336612702,"y":-0.5481278300285339,"z":0.18703186511993409,"w":0.7813447713851929},"size":9.9786376953125,"orthographic":false}