{"cameraMode":{"drawMode":0,"name":"Shaded","section":"Shading Mode"},"sceneLighting":true,"audioPlay":false,"sceneViewState":{"showFog":false,"showMaterialUpdate":false,"showSkybox":false,"showFlares":false,"showImageEffects":false,"showParticleSystems":false},"in2DMode":false,"pivot":{"x":20.910383224487306,"y":12.403919219970704,"z":4.0661211013793949},"rotation":{"x":-0.31984207034111025,"y":-0.6894978284835815,"z":0.4190567433834076,"w":-0.4997011423110962},"size":11.640066146850586,"orthographic":false}