{"cameraMode":{"drawMode":0,"name":"Shaded","section":"Shading Mode"},"sceneLighting":false,"audioPlay":false,"sceneViewState":{"showFog":false,"showMaterialUpdate":false,"showSkybox":false,"showFlares":false,"showImageEffects":false,"showParticleSystems":false},"in2DMode":false,"pivot":{"x":-1.2375589609146119,"y":-12.568427085876465,"z":-49.159671783447269},"rotation":{"x":-0.06741534918546677,"y":-0.031423233449459079,"z":-0.002124996157363057,"w":0.9972317218780518},"size":22.0,"orthographic":false}