{"cameraMode":{"drawMode":0,"name":"Shaded","section":"Shading Mode"},"sceneLighting":false,"audioPlay":false,"sceneViewState":{"showFog":false,"showMaterialUpdate":false,"showSkybox":false,"showFlares":false,"showImageEffects":false,"showParticleSystems":false},"in2DMode":false,"pivot":{"x":40.47966003417969,"y":6.499671936035156,"z":32.11323547363281},"rotation":{"x":0.01721159555017948,"y":0.9968802332878113,"z":-0.08845625072717667,"w":0.018663275986909868},"size":42.2321891784668,"orthographic":false}