{"cameraMode":{"drawMode":0,"name":"Shaded","section":"Shading Mode"},"sceneLighting":false,"audioPlay":false,"sceneViewState":{"showFog":false,"showMaterialUpdate":false,"showSkybox":false,"showFlares":false,"showImageEffects":false,"showParticleSystems":false},"in2DMode":false,"pivot":{"x":29.756410598754884,"y":10.075215339660645,"z":17.655914306640626},"rotation":{"x":0.11895338445901871,"y":0.5024847984313965,"z":-0.05819598585367203,"w":0.8555586338043213},"size":82.1046371459961,"orthographic":false}