{"cameraMode":{"drawMode":0,"name":"Shaded","section":"Shading Mode"},"sceneLighting":false,"audioPlay":false,"sceneViewState":{"showFog":true,"showMaterialUpdate":false,"showSkybox":true,"showFlares":true,"showImageEffects":true,"showParticleSystems":true},"in2DMode":false,"pivot":{"x":-3.24023175239563,"y":5.757862567901611,"z":2.488679885864258},"rotation":{"x":0.048907142132520679,"y":0.3174213171005249,"z":-0.015559229999780655,"w":0.947420597076416},"size":15.285919189453125,"orthographic":false}