{"cameraMode":{"drawMode":0,"name":"Shaded","section":"Shading Mode"},"sceneLighting":true,"audioPlay":false,"sceneViewState":{"showFog":false,"showMaterialUpdate":false,"showSkybox":false,"showFlares":false,"showImageEffects":false,"showParticleSystems":false},"in2DMode":false,"pivot":{"x":2.0139997005462648,"y":13.839849472045899,"z":-4.163642883300781},"rotation":{"x":-0.06741534918546677,"y":-0.031423233449459079,"z":-0.002124996157363057,"w":0.9972317218780518},"size":41.8150634765625,"orthographic":false}