{"cameraMode":{"drawMode":0,"name":"Shaded","section":"Shading Mode"},"sceneLighting":false,"audioPlay":false,"sceneViewState":{"showFog":true,"showMaterialUpdate":false,"showSkybox":false,"showFlares":true,"showImageEffects":true,"showParticleSystems":true},"in2DMode":false,"pivot":{"x":911.8265991210938,"y":577.8483276367188,"z":88.06803894042969},"rotation":{"x":0.014688081108033657,"y":-0.02425418607890606,"z":-0.0003730457683559507,"w":-1.0000594854354859},"size":2141.78955078125,"orthographic":false}