{"cameraMode":{"drawMode":0,"name":"Shaded","section":"Shading Mode"},"sceneLighting":false,"audioPlay":false,"sceneViewState":{"showFog":false,"showMaterialUpdate":false,"showSkybox":false,"showFlares":false,"showImageEffects":false,"showParticleSystems":false},"in2DMode":false,"pivot":{"x":-9.12827205657959,"y":7.938754081726074,"z":12.956624031066895},"rotation":{"x":0.13402721285820008,"y":-0.8655146360397339,"z":0.3257825970649719,"w":0.3560743033885956},"size":8.00207233428955,"orthographic":false}