{"cameraMode":{"drawMode":0,"name":"Shaded","section":"Shading Mode"},"sceneLighting":false,"audioPlay":false,"sceneViewState":{"showFog":false,"showMaterialUpdate":false,"showSkybox":false,"showFlares":false,"showImageEffects":false,"showParticleSystems":false},"in2DMode":false,"pivot":{"x":64.84278106689453,"y":21.16405487060547,"z":43.53462219238281},"rotation":{"x":-0.27194011211395266,"y":0.01089072972536087,"z":-0.016811339184641839,"w":-0.9634218215942383},"size":16.906787872314454,"orthographic":false}