{"cameraMode":{"drawMode":0,"name":"Shaded","section":"Shading Mode"},"sceneLighting":false,"audioPlay":false,"sceneViewState":{"showFog":true,"showMaterialUpdate":false,"showSkybox":false,"showFlares":true,"showImageEffects":true,"showParticleSystems":true},"in2DMode":false,"pivot":{"x":-0.47299015522003176,"y":0.6632153987884522,"z":0.0277030598372221},"rotation":{"x":-0.00018073103274218738,"y":0.9993703961372376,"z":0.03568338230252266,"w":0.005112543236464262},"size":31.27645492553711,"orthographic":false}