{"cameraMode":{"drawMode":0,"name":"Shaded","section":"Shading Mode"},"sceneLighting":false,"audioPlay":false,"sceneViewState":{"showFog":false,"showMaterialUpdate":false,"showSkybox":false,"showFlares":false,"showImageEffects":false,"showParticleSystems":false},"in2DMode":false,"pivot":{"x":52.331321716308597,"y":19.782896041870118,"z":44.03163528442383},"rotation":{"x":0.08672281354665756,"y":0.49026447534561159,"z":-0.03304119408130646,"w":0.8678770065307617},"size":6.9875311851501469,"orthographic":false}