{"cameraMode":{"drawMode":0,"name":"Shaded","section":"Shading Mode"},"sceneLighting":false,"audioPlay":false,"sceneViewState":{"showFog":false,"showMaterialUpdate":false,"showSkybox":false,"showFlares":false,"showImageEffects":false,"showParticleSystems":false},"in2DMode":false,"pivot":{"x":5.035386085510254,"y":2.5999999046325685,"z":7.472020149230957},"rotation":{"x":0.06586773693561554,"y":0.49612024426460268,"z":-0.021439991891384126,"w":0.8667424917221069},"size":9.70885181427002,"orthographic":false}