{"cameraMode":{"drawMode":0,"name":"Shaded","section":"Shading Mode"},"sceneLighting":false,"audioPlay":false,"sceneViewState":{"showFog":false,"showMaterialUpdate":false,"showSkybox":false,"showFlares":false,"showImageEffects":false,"showParticleSystems":false},"in2DMode":false,"pivot":{"x":21.630491256713868,"y":4.429999828338623,"z":19.135595321655275},"rotation":{"x":0.14256493747234345,"y":-0.45747601985931399,"z":0.0923401489853859,"w":0.8741546273231506},"size":9.799580574035645,"orthographic":false}