{"cameraMode":{"drawMode":0,"name":"Shaded","section":"Shading Mode"},"sceneLighting":true,"audioPlay":false,"sceneViewState":{"showFog":false,"showMaterialUpdate":false,"showSkybox":false,"showFlares":false,"showImageEffects":false,"showParticleSystems":false},"in2DMode":false,"pivot":{"x":20.767641067504884,"y":0.7816152572631836,"z":-3.1540215015411379},"rotation":{"x":-0.15028947591781617,"y":-0.6506819128990173,"z":0.11512882262468338,"w":-0.7373250722885132},"size":65.00860595703125,"orthographic":false}