{"cameraMode":{"drawMode":0,"name":"Shaded","section":"Shading Mode"},"sceneLighting":false,"audioPlay":false,"sceneViewState":{"showFog":false,"showMaterialUpdate":false,"showSkybox":false,"showFlares":false,"showImageEffects":false,"showParticleSystems":false},"in2DMode":false,"pivot":{"x":-108.60575866699219,"y":-68.19436645507813,"z":-36.14944076538086},"rotation":{"x":0.14102613925933839,"y":-0.7976239919662476,"z":0.24005895853042603,"w":0.5378804802894592},"size":167.29251098632813,"orthographic":false}