{"cameraMode":{"drawMode":0,"name":"Shaded","section":"Shading Mode"},"sceneLighting":false,"audioPlay":false,"sceneViewState":{"showFog":true,"showMaterialUpdate":false,"showSkybox":false,"showFlares":true,"showImageEffects":true,"showParticleSystems":true},"in2DMode":false,"pivot":{"x":21.630491256713868,"y":4.429999828338623,"z":19.135595321655275},"rotation":{"x":0.04768816754221916,"y":0.010245508514344693,"z":0.00047121127136051655,"w":-0.9992717504501343},"size":9.799580574035645,"orthographic":false}