{"cameraMode":{"drawMode":0,"name":"Shaded","section":"Shading Mode"},"sceneLighting":false,"audioPlay":false,"sceneViewState":{"showFog":false,"showMaterialUpdate":false,"showSkybox":false,"showFlares":false,"showImageEffects":false,"showParticleSystems":false},"in2DMode":false,"pivot":{"x":8.309271812438965,"y":14.509076118469239,"z":-6.210684299468994},"rotation":{"x":-0.08203990012407303,"y":-0.6974201202392578,"z":0.07721671462059021,"w":-0.7085198163986206},"size":23.036195755004884,"orthographic":false}