{"cameraMode":{"drawMode":0,"name":"Shaded","section":"Shading Mode"},"sceneLighting":true,"audioPlay":false,"sceneViewState":{"showFog":true,"showMaterialUpdate":false,"showSkybox":true,"showFlares":true,"showImageEffects":true,"showParticleSystems":true},"in2DMode":false,"pivot":{"x":-1.7937755584716797,"y":4.0699591636657719,"z":0.5275402069091797},"rotation":{"x":-0.008376501500606537,"y":0.8890528678894043,"z":-0.01627998799085617,"w":-0.4574388563632965},"size":20.22369956970215,"orthographic":false}