{"cameraMode":{"drawMode":0,"name":"Shaded","section":"Shading Mode"},"sceneLighting":false,"audioPlay":false,"sceneViewState":{"showFog":true,"showMaterialUpdate":false,"showSkybox":false,"showFlares":true,"showImageEffects":true,"showParticleSystems":true},"in2DMode":false,"pivot":{"x":-0.5763201117515564,"y":-1.4344366788864136,"z":-0.6303271055221558},"rotation":{"x":0.03324764966964722,"y":0.9280123710632324,"z":-0.08544091135263443,"w":0.3611328899860382},"size":13.34810733795166,"orthographic":false}