{"cameraMode":{"drawMode":0,"name":"Shaded","section":"Shading Mode"},"sceneLighting":false,"audioPlay":false,"sceneViewState":{"showFog":false,"showMaterialUpdate":false,"showSkybox":false,"showFlares":false,"showImageEffects":false,"showParticleSystems":false},"in2DMode":false,"pivot":{"x":-0.32016754150390627,"y":11.66206169128418,"z":6.54663610458374},"rotation":{"x":0.043367233127355579,"y":-0.028124790638685228,"z":0.01713068038225174,"w":0.9996356964111328},"size":40.08741760253906,"orthographic":false}