{"cameraMode":{"drawMode":0,"name":"Shaded","section":"Shading Mode"},"sceneLighting":false,"audioPlay":false,"sceneViewState":{"showFog":false,"showMaterialUpdate":false,"showSkybox":false,"showFlares":false,"showImageEffects":false,"showParticleSystems":false},"in2DMode":false,"pivot":{"x":41.78232955932617,"y":14.482154846191407,"z":0.04733961820602417},"rotation":{"x":-0.02795148640871048,"y":0.6837131977081299,"z":0.046519935131073,"w":0.7293161749839783},"size":52.950138092041019,"orthographic":false}