{"cameraMode":{"drawMode":0,"name":"Shaded","section":"Shading Mode"},"sceneLighting":true,"audioPlay":false,"sceneViewState":{"showFog":false,"showMaterialUpdate":false,"showSkybox":false,"showFlares":false,"showImageEffects":false,"showParticleSystems":false},"in2DMode":false,"pivot":{"x":-10.992439270019532,"y":14.40999984741211,"z":-49.637550354003909},"rotation":{"x":0.0731235072016716,"y":0.7700352072715759,"z":-0.06705969572067261,"w":0.6325578689575195},"size":20.729610443115236,"orthographic":false}