{"cameraMode":{"drawMode":0,"name":"Shaded","section":"Shading Mode"},"sceneLighting":true,"audioPlay":false,"sceneViewState":{"showFog":false,"showMaterialUpdate":false,"showSkybox":false,"showFlares":false,"showImageEffects":false,"showParticleSystems":false},"in2DMode":false,"pivot":{"x":-5.010896682739258,"y":28.393884658813478,"z":-15.025125503540039},"rotation":{"x":-0.18368689715862275,"y":-0.5213367342948914,"z":0.11602389067411423,"w":-0.8252719044685364},"size":15.362714767456055,"orthographic":false}