{"cameraMode":{"drawMode":0,"name":"Shaded","section":"Shading Mode"},"sceneLighting":false,"audioPlay":false,"sceneViewState":{"showFog":true,"showMaterialUpdate":false,"showSkybox":false,"showFlares":true,"showImageEffects":true,"showParticleSystems":true},"in2DMode":false,"pivot":{"x":-1.840000033378601,"y":2.6600000858306886,"z":11.920000076293946},"rotation":{"x":0.03565230593085289,"y":0.9641732573509216,"z":-0.19525666534900666,"w":0.17606350779533387},"size":5.761856555938721,"orthographic":false}