{"cameraMode":{"drawMode":0,"name":"Shaded","section":"Shading Mode"},"sceneLighting":true,"audioPlay":false,"sceneViewState":{"showFog":true,"showMaterialUpdate":false,"showSkybox":true,"showFlares":true,"showImageEffects":true,"showParticleSystems":true},"in2DMode":false,"pivot":{"x":1.3646336793899537,"y":2.6304121017456056,"z":36.35504150390625},"rotation":{"x":0.0677850991487503,"y":0.005678217858076096,"z":-0.0003957042354159057,"w":0.9980649948120117},"size":82.0246810913086,"orthographic":false}