{"cameraMode":{"drawMode":0,"name":"Shaded","section":"Shading Mode"},"sceneLighting":false,"audioPlay":false,"sceneViewState":{"showFog":true,"showMaterialUpdate":false,"showSkybox":true,"showFlares":true,"showImageEffects":true,"showParticleSystems":true},"in2DMode":false,"pivot":{"x":40.72441101074219,"y":1.2687016725540162,"z":-8.926814079284668},"rotation":{"x":-0.06675400584936142,"y":-0.6983286738395691,"z":0.06507519632577896,"w":-0.7103689908981323},"size":138.70556640625,"orthographic":false}