{"cameraMode":{"drawMode":0,"name":"Shaded","section":"Shading Mode"},"sceneLighting":false,"audioPlay":false,"sceneViewState":{"showFog":false,"showMaterialUpdate":false,"showSkybox":false,"showFlares":false,"showImageEffects":false,"showParticleSystems":false},"in2DMode":false,"pivot":{"x":37.09766387939453,"y":13.088046073913575,"z":54.929283142089847},"rotation":{"x":-0.08253353834152222,"y":0.8542152047157288,"z":-0.16467338800430299,"w":-0.4882587492465973},"size":33.77667236328125,"orthographic":false}