{"cameraMode":{"drawMode":0,"name":"Shaded","section":"Shading Mode"},"sceneLighting":true,"audioPlay":false,"sceneViewState":{"showFog":false,"showMaterialUpdate":false,"showSkybox":false,"showFlares":false,"showImageEffects":false,"showParticleSystems":false},"in2DMode":false,"pivot":{"x":155.38682556152345,"y":-15.859447479248047,"z":37.803871154785159},"rotation":{"x":-0.07053642719984055,"y":-0.6741583347320557,"z":0.044063959270715716,"w":-0.7359564304351807},"size":192.2410125732422,"orthographic":false}