{"cameraMode":{"drawMode":0,"name":"Shaded","section":"Shading Mode"},"sceneLighting":true,"audioPlay":false,"sceneViewState":{"showFog":false,"showMaterialUpdate":false,"showSkybox":false,"showFlares":false,"showImageEffects":false,"showParticleSystems":false},"in2DMode":false,"pivot":{"x":-10.964820861816407,"y":5.977618217468262,"z":4.799028396606445},"rotation":{"x":-0.03289877995848656,"y":-0.9652812480926514,"z":0.15033206343650819,"w":-0.21118491888046266},"size":45.24182891845703,"orthographic":false}