{"cameraMode":{"drawMode":0,"name":"Shaded","section":"Shading Mode"},"sceneLighting":true,"audioPlay":false,"sceneViewState":{"showFog":false,"showMaterialUpdate":false,"showSkybox":false,"showFlares":false,"showImageEffects":false,"showParticleSystems":false},"in2DMode":false,"pivot":{"x":53.59371566772461,"y":-3.3458924293518068,"z":24.02845001220703},"rotation":{"x":-0.07610857486724854,"y":-0.9375657439231873,"z":0.1896040290594101,"w":-0.2870895266532898},"size":62.26909637451172,"orthographic":false}