{"cameraMode":{"drawMode":0,"name":"Shaded","section":"Shading Mode"},"sceneLighting":true,"audioPlay":false,"sceneViewState":{"showFog":false,"showMaterialUpdate":false,"showSkybox":false,"showFlares":false,"showImageEffects":false,"showParticleSystems":false},"in2DMode":false,"pivot":{"x":6.13802433013916,"y":15.178082466125489,"z":-47.09126281738281},"rotation":{"x":-0.01910727471113205,"y":-0.7877705693244934,"z":0.003171776421368122,"w":-0.6181042194366455},"size":29.947490692138673,"orthographic":false}