{"cameraMode":{"drawMode":0,"name":"Shaded","section":"Shading Mode"},"sceneLighting":true,"audioPlay":false,"sceneViewState":{"showFog":false,"showMaterialUpdate":false,"showSkybox":false,"showFlares":false,"showImageEffects":false,"showParticleSystems":false},"in2DMode":false,"pivot":{"x":-8.806855201721192,"y":10.341578483581543,"z":7.9626545906066898},"rotation":{"x":-0.12442989647388458,"y":-0.7839727997779846,"z":0.13336685299873353,"w":-0.5962024331092835},"size":23.735368728637697,"orthographic":false}