{"cameraMode":{"drawMode":0,"name":"Shaded","section":"Shading Mode"},"sceneLighting":false,"audioPlay":false,"sceneViewState":{"showFog":false,"showMaterialUpdate":false,"showSkybox":false,"showFlares":false,"showImageEffects":false,"showParticleSystems":false},"in2DMode":false,"pivot":{"x":7.059074401855469,"y":9.135129928588868,"z":-12.795450210571289},"rotation":{"x":0.03686092421412468,"y":-0.7696177363395691,"z":0.06787483394145966,"w":0.6358655691146851},"size":23.102588653564454,"orthographic":false}