{"cameraMode":{"drawMode":0,"name":"Shaded","section":"Shading Mode"},"sceneLighting":false,"audioPlay":false,"sceneViewState":{"showFog":false,"showMaterialUpdate":false,"showSkybox":false,"showFlares":false,"showImageEffects":false,"showParticleSystems":false},"in2DMode":false,"pivot":{"x":11.938555717468262,"y":9.358453750610352,"z":-7.9177374839782719},"rotation":{"x":-0.020279286429286004,"y":-0.8236702680587769,"z":0.0027969195507466795,"w":-0.568711519241333},"size":41.830596923828128,"orthographic":false}