{"cameraMode":{"drawMode":0,"name":"Shaded","section":"Shading Mode"},"sceneLighting":true,"audioPlay":false,"sceneViewState":{"showFog":false,"showMaterialUpdate":false,"showSkybox":false,"showFlares":false,"showImageEffects":false,"showParticleSystems":false},"in2DMode":false,"pivot":{"x":-8.209549903869629,"y":14.951223373413086,"z":4.801180362701416},"rotation":{"x":0.07135259360074997,"y":0.7690812945365906,"z":-0.06461267918348313,"w":0.6340484619140625},"size":46.69820785522461,"orthographic":false}