{"cameraMode":{"drawMode":0,"name":"Shaded","section":"Shading Mode"},"sceneLighting":false,"audioPlay":false,"sceneViewState":{"showFog":true,"showMaterialUpdate":false,"showSkybox":true,"showFlares":true,"showImageEffects":true,"showParticleSystems":true},"in2DMode":false,"pivot":{"x":3.4487087726593019,"y":3.605360507965088,"z":-4.162315368652344},"rotation":{"x":0.09770656377077103,"y":-0.0006564685027115047,"z":0.0010827046353369952,"w":0.9957247972488403},"size":9.811652183532715,"orthographic":false}