{"cameraMode":{"drawMode":0,"name":"Shaded","section":"Shading Mode"},"sceneLighting":false,"audioPlay":false,"sceneViewState":{"showFog":true,"showMaterialUpdate":false,"showSkybox":false,"showFlares":true,"showImageEffects":true,"showParticleSystems":true},"in2DMode":false,"pivot":{"x":873.64892578125,"y":425.7613525390625,"z":-62.924644470214847},"rotation":{"x":-0.02429918944835663,"y":0.04474519565701485,"z":-0.0010577922221273184,"w":-0.9991616010665894},"size":1571.478759765625,"orthographic":false}