{"cameraMode":{"drawMode":0,"name":"Shaded","section":"Shading Mode"},"sceneLighting":false,"audioPlay":false,"sceneViewState":{"showFog":true,"showMaterialUpdate":false,"showSkybox":false,"showFlares":true,"showImageEffects":true,"showParticleSystems":true},"in2DMode":false,"pivot":{"x":-0.9247521162033081,"y":1.2635422945022584,"z":12.102890014648438},"rotation":{"x":0.000097910116892308,"y":0.9999153017997742,"z":0.011690142564475537,"w":-0.00838440004736185},"size":8.833965301513672,"orthographic":false}