{"cameraMode":{"drawMode":0,"name":"Shaded","section":"Shading Mode"},"sceneLighting":false,"audioPlay":false,"sceneViewState":{"showFog":false,"showMaterialUpdate":false,"showSkybox":false,"showFlares":false,"showImageEffects":false,"showParticleSystems":false},"in2DMode":false,"pivot":{"x":5.230542182922363,"y":3.324678897857666,"z":8.23634147644043},"rotation":{"x":-0.0417749248445034,"y":-0.9695634245872498,"z":0.14341039955615998,"w":-0.201472669839859},"size":16.865327835083009,"orthographic":false}