{"cameraMode":{"drawMode":0,"name":"Shaded","section":"Shading Mode"},"sceneLighting":false,"audioPlay":false,"sceneViewState":{"showFog":true,"showMaterialUpdate":false,"showSkybox":true,"showFlares":true,"showImageEffects":true,"showParticleSystems":true},"in2DMode":false,"pivot":{"x":8.946016311645508,"y":-1.041640043258667,"z":36.486602783203128},"rotation":{"x":-0.18665461242198945,"y":0.03960089385509491,"z":-0.007263569626957178,"w":-0.9820612668991089},"size":55.497501373291019,"orthographic":false}