{"cameraMode":{"drawMode":0,"name":"Shaded","section":"Shading Mode"},"sceneLighting":true,"audioPlay":false,"sceneViewState":{"showFog":false,"showMaterialUpdate":false,"showSkybox":false,"showFlares":false,"showImageEffects":false,"showParticleSystems":false},"in2DMode":false,"pivot":{"x":51.03865432739258,"y":9.62401294708252,"z":10.081560134887696},"rotation":{"x":0.07744110375642777,"y":-0.22094416618347169,"z":0.017602186650037767,"w":0.9720483422279358},"size":4.985620021820068,"orthographic":false}