{"cameraMode":{"drawMode":0,"name":"Shaded","section":"Shading Mode"},"sceneLighting":true,"audioPlay":false,"sceneViewState":{"showFog":false,"showMaterialUpdate":false,"showSkybox":false,"showFlares":false,"showImageEffects":false,"showParticleSystems":false},"in2DMode":false,"pivot":{"x":-0.6545956134796143,"y":11.10169792175293,"z":-2.5197653770446779},"rotation":{"x":-0.14224450290203095,"y":-0.8237115144729614,"z":0.19258229434490205,"w":-0.5172202587127686},"size":36.212947845458987,"orthographic":false}