{"cameraMode":{"drawMode":0,"name":"Shaded","section":"Shading Mode"},"sceneLighting":false,"audioPlay":false,"sceneViewState":{"showFog":false,"showMaterialUpdate":false,"showSkybox":false,"showFlares":false,"showImageEffects":false,"showParticleSystems":false},"in2DMode":false,"pivot":{"x":3.0903403759002687,"y":-0.8881283402442932,"z":1.0699055194854737},"rotation":{"x":0.04096093401312828,"y":0.7097994089126587,"z":-0.03798859193921089,"w":0.7029671669006348},"size":10.896458625793457,"orthographic":false}