{"cameraMode":{"drawMode":0,"name":"Shaded","section":"Shading Mode"},"sceneLighting":false,"audioPlay":false,"sceneViewState":{"showFog":false,"showMaterialUpdate":false,"showSkybox":false,"showFlares":false,"showImageEffects":false,"showParticleSystems":false},"in2DMode":false,"pivot":{"x":41.562808990478519,"y":2.309999942779541,"z":32.72830581665039},"rotation":{"x":0.08034861832857132,"y":-0.2893174886703491,"z":0.040917616337537768,"w":0.9541776180267334},"size":10.352375984191895,"orthographic":false}