{"cameraMode":{"drawMode":0,"name":"Shaded","section":"Shading Mode"},"sceneLighting":false,"audioPlay":false,"sceneViewState":{"showFog":false,"showMaterialUpdate":false,"showSkybox":false,"showFlares":false,"showImageEffects":false,"showParticleSystems":false},"in2DMode":false,"pivot":{"x":20.89898681640625,"y":4.181802272796631,"z":11.22549057006836},"rotation":{"x":0.17864583432674409,"y":-0.20464681088924409,"z":0.05363738536834717,"w":0.9622524976730347},"size":23.102588653564454,"orthographic":false}