{"cameraMode":{"drawMode":0,"name":"Shaded","section":"Shading Mode"},"sceneLighting":false,"audioPlay":false,"sceneViewState":{"showFog":false,"showMaterialUpdate":false,"showSkybox":false,"showFlares":false,"showImageEffects":false,"showParticleSystems":false},"in2DMode":false,"pivot":{"x":-13.050000190734864,"y":4.070000171661377,"z":1.8630867004394532},"rotation":{"x":0.1382761299610138,"y":-0.8238611221313477,"z":0.23199157416820527,"w":0.49938711524009707},"size":7.045034885406494,"orthographic":false}